season,round,home_team,away_team,home_goals,away_goals
2020-2021,1,Brentford,Arsenal,3,1
2020-2021,1,Manchester United,Leeds United,6,1
2020-2021,1,Burnley,Brighton & Hove Albion,1,2
2020-2021,1,Chelsea,Crystal Palace,4,1
2020-2021,1,Everton,Southampton,3,1
2020-2021,1,Leicester City,Wolverhampton,1,0
2020-2021,1,Watford,Aston Villa,4,3
2020-2021,1,Norwich City,Liverpool,1,4
2020-2021,1,Newcastle United,West Ham United,2,4
2020-2021,1,Tottenham Hotspur,Manchester City,1,0
2020-2021,2,Liverpool,Burnley,3,1
2020-2021,2,Aston Villa,Newcastle United,3,0
2020-2021,2,Crystal Palace,Brentford,1,1
2020-2021,2,Leeds United,Everton,3,2
2020-2021,2,Manchester City,Norwich City,6,1
2020-2021,2,Brighton & Hove Albion,Watford,3,1
2020-2021,2,Southampton,Manchester United,1,1
2020-2021,2,Wolverhampton,Tottenham Hotspur,0,1
2020-2021,2,Arsenal,Chelsea,0,2
2020-2021,2,West Ham United,Leicester City,4,2
2020-2021,3,Manchester City,Arsenal,5,0
2020-2021,3,Aston Villa,Brentford,2,2
2020-2021,3,Brighton & Hove Albion,Everton,1,2
2020-2021,3,Newcastle United,Southampton,2,3
2020-2021,3,Norwich City,Leicester City,2,3
2020-2021,3,West Ham United,Crystal Palace,3,2
2020-2021,3,Liverpool,Chelsea,2,2
2020-2021,3,Burnley,Leeds United,2,1
2020-2021,3,Tottenham Hotspur,Watford,2,0
2020-2021,3,Wolverhampton,Manchester United,0,2
2020-2021,4,Crystal Palace,Tottenham Hotspur,4,0
2020-2021,4,Arsenal,Norwich City,1,0
2020-2021,4,Brentford,Brighton & Hove Albion,1,1
2020-2021,4,Leicester City,Manchester City,1,2
2020-2021,4,Manchester United,Newcastle United,5,1
2020-2021,4,Southampton,West Ham United,1,0
2020-2021,4,Watford,Wolverhampton,1,2
2020-2021,4,Chelsea,Aston Villa,4,0
2020-2021,4,Leeds United,Liverpool,0,3
2020-2021,4,Everton,Burnley,4,1
2020-2021,5,Newcastle United,Leeds United,2,2
2020-2021,5,Wolverhampton,Brentford,0,3
2020-2021,5,Burnley,Arsenal,0,1
2020-2021,5,Liverpool,Crystal Palace,3,0
2020-2021,5,Manchester City,Southampton,0,0
2020-2021,5,Norwich City,Watford,1,3
2020-2021,5,Aston Villa,Everton,3,0
2020-2021,5,Brighton & Hove Albion,Leicester City,3,2
2020-2021,5,West Ham United,Manchester United,2,3
2020-2021,5,Tottenham Hotspur,Chelsea,0,4
2020-2021,6,Chelsea,Manchester City,1,1
2020-2021,6,Manchester United,Aston Villa,1,1
2020-2021,6,Everton,Norwich City,2,0
2020-2021,6,Leeds United,West Ham United,2,2
2020-2021,6,Leicester City,Burnley,3,3
2020-2021,6,Watford,Newcastle United,1,1
2020-2021,6,Brentford,Liverpool,3,3
2020-2021,6,Southampton,Wolverhampton,1,1
2020-2021,6,Arsenal,Tottenham Hotspur,3,1
2020-2021,6,Crystal Palace,Brighton & Hove Albion,1,2
2020-2021,7,Manchester United,Everton,2,1
2020-2021,7,Burnley,Norwich City,0,1
2020-2021,7,Chelsea,Southampton,4,1
2020-2021,7,Leeds United,Watford,1,1
2020-2021,7,Wolverhampton,Newcastle United,3,1
2020-2021,7,Brighton & Hove Albion,Arsenal,1,1
2020-2021,7,Crystal Palace,Leicester City,2,3
2020-2021,7,Tottenham Hotspur,Aston Villa,2,1
2020-2021,7,West Ham United,Brentford,1,3
2020-2021,7,Liverpool,Manchester City,3,3
2020-2021,8,Watford,Liverpool,1,5
2020-2021,8,Aston Villa,Wolverhampton,3,3
2020-2021,8,Leicester City,Manchester United,4,2
2020-2021,8,Manchester City,Burnley,2,0
2020-2021,8,Norwich City,Brighton & Hove Albion,1,0
2020-2021,8,Southampton,Leeds United,1,0
2020-2021,8,Brentford,Chelsea,0,2
2020-2021,8,Everton,West Ham United,0,1
2020-2021,8,Newcastle United,Tottenham Hotspur,3,4
2020-2021,8,Arsenal,Crystal Palace,3,2
2020-2021,9,Arsenal,Aston Villa,3,2
2020-2021,9,Chelsea,Norwich City,8,0
2020-2021,9,Crystal Palace,Newcastle United,2,1
2020-2021,9,Everton,Watford,2,6
2020-2021,9,Leeds United,Wolverhampton,2,2
2020-2021,9,Southampton,Burnley,3,2
2020-2021,9,Brighton & Hove Albion,Manchester City,2,5
2020-2021,9,Brentford,Leicester City,2,3
2020-2021,9,West Ham United,Tottenham Hotspur,1,1
2020-2021,9,Manchester United,Liverpool,1,6
2020-2021,10,Leicester City,Arsenal,0,2
2020-2021,10,Burnley,Brentford,3,1
2020-2021,10,Liverpool,Brighton & Hove Albion,3,2
2020-2021,10,Manchester City,Crystal Palace,1,3
2020-2021,10,Newcastle United,Chelsea,0,4
2020-2021,10,Watford,Southampton,1,1
2020-2021,10,Tottenham Hotspur,Manchester United,0,3
2020-2021,10,Norwich City,Leeds United,1,2
2020-2021,10,Aston Villa,West Ham United,1,5
2020-2021,10,Wolverhampton,Everton,2,2
2020-2021,11,Southampton,Aston Villa,2,1
2020-2021,11,Manchester United,Manchester City,1,2
2020-2021,11,Brentford,Norwich City,1,2
2020-2021,11,Chelsea,Burnley,1,2
2020-2021,11,Crystal Palace,Wolverhampton,3,0
2020-2021,11,Brighton & Hove Albion,Newcastle United,2,1
2020-2021,11,Arsenal,Watford,1,1
2020-2021,11,Everton,Tottenham Hotspur,1,1
2020-2021,11,Leeds United,Leicester City,1,2
2020-2021,11,West Ham United,Liverpool,4,3
2020-2021,12,Leicester City,Chelsea,0,4
2020-2021,12,Aston Villa,Brighton & Hove Albion,2,1
2020-2021,12,Burnley,Crystal Palace,3,3
2020-2021,12,Newcastle United,Brentford,4,3
2020-2021,12,Norwich City,Southampton,2,1
2020-2021,12,Watford,Manchester United,4,2
2020-2021,12,Wolverhampton,West Ham United,2,1
2020-2021,12,Liverpool,Arsenal,4,0
2020-2021,12,Manchester City,Everton,4,1
2020-2021,12,Tottenham Hotspur,Leeds United,2,2
2020-2021,13,Arsenal,Newcastle United,2,0
2020-2021,13,Crystal Palace,Aston Villa,2,3
2020-2021,13,Liverpool,Southampton,5,0
2020-2021,13,Norwich City,Wolverhampton,1,1
2020-2021,13,Brighton & Hove Albion,Leeds United,1,1
2020-2021,13,Brentford,Everton,2,1
2020-2021,13,Burnley,Tottenham Hotspur,0,0
2020-2021,13,Leicester City,Watford,4,3
2020-2021,13,Manchester City,West Ham United,2,2
2020-2021,13,Chelsea,Manchester United,1,1
2020-2021,13,Burnley,Tottenham Hotspur,2,1
2020-2021,14,Newcastle United,Norwich City,2,2
2020-2021,14,Leeds United,Crystal Palace,1,1
2020-2021,14,Southampton,Leicester City,3,3
2020-2021,14,Watford,Chelsea,2,2
2020-2021,14,West Ham United,Brighton & Hove Albion,1,1
2020-2021,14,Wolverhampton,Burnley,1,1
2020-2021,14,Aston Villa,Manchester City,1,3
2020-2021,14,Everton,Liverpool,2,4
2020-2021,14,Tottenham Hotspur,Brentford,2,1
2020-2021,14,Manchester United,Arsenal,3,2
2020-2021,15,West Ham United,Chelsea,4,3
2020-2021,15,Newcastle United,Burnley,2,0
2020-2021,15,Southampton,Brighton & Hove Albion,2,2
2020-2021,15,Wolverhampton,Liverpool,1,1
2020-2021,15,Watford,Manchester City,1,3
2020-2021,15,Leeds United,Brentford,2,3
2020-2021,15,Manchester United,Crystal Palace,1,1
2020-2021,15,Tottenham Hotspur,Norwich City,4,0
2020-2021,15,Aston Villa,Leicester City,2,2
2020-2021,15,Everton,Arsenal,2,2
2020-2021,16,Brentford,Watford,2,2
2020-2021,16,Manchester City,Wolverhampton,1,0
2020-2021,16,Arsenal,Southampton,3,0
2020-2021,16,Chelsea,Leeds United,4,3
2020-2021,16,Liverpool,Aston Villa,1,1
2020-2021,16,Norwich City,Manchester United,1,1
2020-2021,16,Brighton & Hove Albion,Tottenham Hotspur,0,0
2020-2021,16,Burnley,West Ham United,0,1
2020-2021,16,Leicester City,Newcastle United,4,1
2020-2021,16,Crystal Palace,Everton,3,2
2020-2021,16,Brighton & Hove Albion,Tottenham Hotspur,1,2
2020-2021,17,Brentford,Manchester United,0,0
2020-2021,17,Norwich City,Aston Villa,1,2
2020-2021,17,Manchester City,Leeds United,7,0
2020-2021,17,Brighton & Hove Albion,Wolverhampton,1,1
2020-2021,17,Burnley,Watford,0,0
2020-2021,17,Crystal Palace,Southampton,2,2
2020-2021,17,Arsenal,West Ham United,3,0
2020-2021,17,Leicester City,Tottenham Hotspur,0,0
2020-2021,17,Chelsea,Everton,2,1
2020-2021,17,Liverpool,Newcastle United,4,1
2020-2021,17,Burnley,Watford,0,0
2020-2021,17,Leicester City,Tottenham Hotspur,3,4
2020-2021,17,Brentford,Manchester United,2,3
2020-2021,17,Burnley,Watford,0,0
2020-2021,18,Manchester United,Brighton & Hove Albion,0,0
2020-2021,18,Aston Villa,Burnley,0,0
2020-2021,18,Southampton,Brentford,0,0
2020-2021,18,Watford,Crystal Palace,0,0
2020-2021,18,West Ham United,Norwich City,0,0
2020-2021,18,Leeds United,Arsenal,1,5
2020-2021,18,Everton,Leicester City,0,0
2020-2021,18,Newcastle United,Manchester City,1,4
2020-2021,18,Wolverhampton,Chelsea,1,0
2020-2021,18,Tottenham Hotspur,Liverpool,3,3
2020-2021,18,Southampton,Brentford,4,1
2020-2021,18,Everton,Leicester City,0,0
2020-2021,18,West Ham United,Norwich City,3,0
2020-2021,18,Manchester United,Brighton & Hove Albion,2,0
2020-2021,18,Watford,Crystal Palace,1,4
2020-2021,18,Everton,Leicester City,1,1
2020-2021,18,Aston Villa,Burnley,2,2
2020-2021,19,Liverpool,Leeds United,0,0
2020-2021,19,Wolverhampton,Watford,0,0
2020-2021,19,Burnley,Everton,0,0
2020-2021,19,Manchester City,Leicester City,6,3
2020-2021,19,Norwich City,Arsenal,1,6
2020-2021,19,Tottenham Hotspur,Crystal Palace,4,0
2020-2021,19,West Ham United,Southampton,3,3
2020-2021,19,Aston Villa,Chelsea,1,3
2020-2021,19,Brighton & Hove Albion,Brentford,2,1
2020-2021,19,Newcastle United,Manchester United,1,2
2020-2021,19,Liverpool,Leeds United,7,1
2020-2021,19,Wolverhampton,Watford,4,1
2020-2021,19,Burnley,Everton,3,2
2020-2021,20,Arsenal,Wolverhampton,0,0
2020-2021,20,Crystal Palace,Norwich City,3,1
2020-2021,20,Southampton,Tottenham Hotspur,2,1
2020-2021,20,Watford,West Ham United,1,4
2020-2021,20,Leeds United,Aston Villa,0,0
2020-2021,20,Leicester City,Liverpool,1,0
2020-2021,20,Chelsea,Brighton & Hove Albion,2,1
2020-2021,20,Brentford,Manchester City,1,2
2020-2021,20,Everton,Newcastle United,0,0
2020-2021,20,Manchester United,Burnley,4,2
2020-2021,20,Arsenal,Wolverhampton,2,2
2020-2021,20,Leeds United,Aston Villa,1,4
2020-2021,20,Everton,Newcastle United,1,0
2020-2021,21,Arsenal,Manchester City,1,2
2020-2021,21,Leicester City,Norwich City,0,0
2020-2021,21,Watford,Tottenham Hotspur,1,1
2020-2021,21,Crystal Palace,West Ham United,3,4
2020-2021,21,Brentford,Aston Villa,2,2
2020-2021,21,Everton,Brighton & Hove Albion,3,4
2020-2021,21,Leeds United,Burnley,4,2
2020-2021,21,Southampton,Newcastle United,0,0
2020-2021,21,Chelsea,Liverpool,3,3
2020-2021,21,Manchester United,Wolverhampton,0,1
2020-2021,21,Southampton,Newcastle United,2,3
2020-2021,21,Leicester City,Norwich City,3,1
2020-2021,22,Brighton & Hove Albion,Crystal Palace,2,2
2020-2021,22,Manchester City,Chelsea,2,0
2020-2021,22,Burnley,Leicester City,0,0
2020-2021,22,Newcastle United,Watford,1,2
2020-2021,22,Norwich City,Everton,2,1
2020-2021,22,Wolverhampton,Southampton,3,1
2020-2021,22,Aston Villa,Manchester United,3,2
2020-2021,22,Liverpool,Brentford,3,1
2020-2021,22,West Ham United,Leeds United,2,4
2020-2021,22,Tottenham Hotspur,Arsenal,0,0
2020-2021,22,Burnley,Leicester City,0,3
2020-2021,22,Tottenham Hotspur,Arsenal,3,0
2020-2021,23,Watford,Norwich City,0,3
2020-2021,23,Everton,Aston Villa,0,2
2020-2021,23,Brentford,Wolverhampton,2,3
2020-2021,23,Leeds United,Newcastle United,1,2
2020-2021,23,Manchester United,West Ham United,1,0
2020-2021,23,Southampton,Manchester City,2,1
2020-2021,23,Arsenal,Burnley,0,1
2020-2021,23,Crystal Palace,Liverpool,2,4
2020-2021,23,Leicester City,Brighton & Hove Albion,2,1
2020-2021,23,Chelsea,Tottenham Hotspur,3,0
2020-2021,24,Brighton & Hove Albion,Chelsea,2,1
2020-2021,24,Newcastle United,Everton,3,2
2020-2021,24,West Ham United,Watford,2,1
2020-2021,24,Burnley,Manchester United,2,1
2020-2021,24,Manchester City,Brentford,3,1
2020-2021,24,Norwich City,Crystal Palace,1,1
2020-2021,24,Tottenham Hotspur,Southampton,3,3
2020-2021,24,Aston Villa,Leeds United,3,3
2020-2021,24,Liverpool,Leicester City,3,0
2020-2021,24,Wolverhampton,Arsenal,1,2
2020-2021,25,Manchester United,Southampton,2,2
2020-2021,25,Brentford,Crystal Palace,0,0
2020-2021,25,Chelsea,Arsenal,0,0
2020-2021,25,Everton,Leeds United,3,1
2020-2021,25,Watford,Brighton & Hove Albion,1,2
2020-2021,25,Norwich City,Manchester City,1,5
2020-2021,25,Burnley,Liverpool,1,2
2020-2021,25,Newcastle United,Aston Villa,1,0
2020-2021,25,Tottenham Hotspur,Wolverhampton,0,2
2020-2021,25,Leicester City,West Ham United,3,3
2020-2021,25,Chelsea,Arsenal,2,5
2020-2021,26,West Ham United,Newcastle United,1,1
2020-2021,26,Arsenal,Brentford,2,1
2020-2021,26,Aston Villa,Watford,1,2
2020-2021,26,Brighton & Hove Albion,Burnley,1,3
2020-2021,26,Crystal Palace,Chelsea,0,1
2020-2021,26,Liverpool,Norwich City,3,1
2020-2021,26,Southampton,Everton,3,1
2020-2021,26,Manchester City,Tottenham Hotspur,2,3
2020-2021,26,Leeds United,Manchester United,2,4
2020-2021,26,Wolverhampton,Leicester City,2,2
2020-2021,27,Southampton,Norwich City,3,0
2020-2021,27,Leeds United,Tottenham Hotspur,0,5
2020-2021,27,Arsenal,Liverpool,0,0
2020-2021,27,Brentford,Newcastle United,0,2
2020-2021,27,Crystal Palace,Burnley,2,2
2020-2021,27,Manchester United,Watford,0,1
2020-2021,27,Brighton & Hove Albion,Aston Villa,1,3
2020-2021,27,Everton,Manchester City,1,2
2020-2021,27,Chelsea,Leicester City,0,0
2020-2021,27,West Ham United,Wolverhampton,1,0
2020-2021,27,Arsenal,Liverpool,0,3
2020-2021,27,Chelsea,Leicester City,1,1
2020-2021,28,Leicester City,Leeds United,2,0
2020-2021,28,Aston Villa,Southampton,5,0
2020-2021,28,Burnley,Chelsea,1,5
2020-2021,28,Newcastle United,Brighton & Hove Albion,2,2
2020-2021,28,Norwich City,Brentford,1,3
2020-2021,28,Wolverhampton,Crystal Palace,1,2
2020-2021,28,Liverpool,West Ham United,1,0
2020-2021,28,Watford,Arsenal,2,4
2020-2021,28,Manchester City,Manchester United,5,1
2020-2021,28,Tottenham Hotspur,Everton,6,1
2020-2021,29,Brighton & Hove Albion,Liverpool,1,3
2020-2021,29,Brentford,Burnley,3,0
2020-2021,29,Manchester United,Tottenham Hotspur,4,2
2020-2021,29,Chelsea,Newcastle United,2,0
2020-2021,29,Everton,Wolverhampton,0,1
2020-2021,29,Leeds United,Norwich City,2,2
2020-2021,29,Southampton,Watford,2,2
2020-2021,29,West Ham United,Aston Villa,3,2
2020-2021,29,Arsenal,Leicester City,2,1
2020-2021,29,Crystal Palace,Manchester City,0,0
2020-2021,30,Norwich City,Chelsea,2,3
2020-2021,30,Wolverhampton,Leeds United,2,4
2020-2021,30,Burnley,Southampton,0,0
2020-2021,30,Manchester City,Brighton & Hove Albion,0,0
2020-2021,30,Aston Villa,Arsenal,1,2
2020-2021,30,Liverpool,Manchester United,0,0
2020-2021,30,Newcastle United,Crystal Palace,0,0
2020-2021,30,Leicester City,Brentford,3,1
2020-2021,30,Watford,Everton,0,0
2020-2021,30,Tottenham Hotspur,West Ham United,4,2
2020-2021,30,Liverpool,Manchester United,4,0
2020-2021,30,Newcastle United,Crystal Palace,2,1
2020-2021,30,Manchester City,Brighton & Hove Albion,3,0
2020-2021,30,Burnley,Southampton,2,0
2020-2021,30,Watford,Everton,0,1
2020-2021,31,Liverpool,Watford,3,0
2020-2021,31,Brighton & Hove Albion,Norwich City,1,1
2020-2021,31,Burnley,Manchester City,1,3
2020-2021,31,Chelsea,Brentford,1,4
2020-2021,31,Leeds United,Southampton,2,2
2020-2021,31,Wolverhampton,Aston Villa,3,2
2020-2021,31,Manchester United,Leicester City,1,1
2020-2021,31,West Ham United,Everton,3,2
2020-2021,31,Tottenham Hotspur,Newcastle United,5,2
2020-2021,31,Crystal Palace,Arsenal,4,1
2020-2021,32,Newcastle United,Wolverhampton,1,0
2020-2021,32,Everton,Manchester United,2,0
2020-2021,32,Arsenal,Brighton & Hove Albion,1,2
2020-2021,32,Southampton,Chelsea,1,7
2020-2021,32,Watford,Leeds United,1,4
2020-2021,32,Aston Villa,Tottenham Hotspur,0,4
2020-2021,32,Brentford,West Ham United,2,1
2020-2021,32,Leicester City,Crystal Palace,3,1
2020-2021,32,Norwich City,Burnley,2,0
2020-2021,32,Manchester City,Liverpool,2,2
2020-2021,33,Tottenham Hotspur,Brighton & Hove Albion,0,1
2020-2021,33,Everton,Crystal Palace,0,0
2020-2021,33,Manchester United,Norwich City,4,3
2020-2021,33,Southampton,Arsenal,2,1
2020-2021,33,Watford,Brentford,2,3
2020-2021,33,Aston Villa,Liverpool,0,0
2020-2021,33,Leeds United,Chelsea,0,0
2020-2021,33,Newcastle United,Leicester City,2,2
2020-2021,33,West Ham United,Burnley,1,2
2020-2021,33,Wolverhampton,Manchester City,0,0
2020-2021,33,Aston Villa,Liverpool,2,2
2020-2021,33,Leeds United,Chelsea,1,3
2020-2021,33,Wolverhampton,Manchester City,2,5
2020-2021,33,Everton,Crystal Palace,4,2
2020-2021,34,Arsenal,Manchester United,4,2
2020-2021,34,Leicester City,Aston Villa,0,0
2020-2021,34,Manchester City,Watford,6,2
2020-2021,34,Norwich City,Newcastle United,0,4
2020-2021,34,Brentford,Tottenham Hotspur,0,1
2020-2021,34,Brighton & Hove Albion,Southampton,2,3
2020-2021,34,Burnley,Wolverhampton,1,1
2020-2021,34,Chelsea,West Ham United,2,0
2020-2021,34,Liverpool,Everton,3,1
2020-2021,34,Crystal Palace,Leeds United,1,0
2020-2021,35,Newcastle United,Liverpool,1,1
2020-2021,35,Aston Villa,Norwich City,3,1
2020-2021,35,Southampton,Crystal Palace,1,3
2020-2021,35,Watford,Burnley,1,2
2020-2021,35,Wolverhampton,Brighton & Hove Albion,1,3
2020-2021,35,Leeds United,Manchester City,0,4
2020-2021,35,Everton,Chelsea,2,1
2020-2021,35,Tottenham Hotspur,Leicester City,4,2
2020-2021,35,West Ham United,Arsenal,2,3
2020-2021,35,Manchester United,Brentford,4,1
2020-2021,36,Brentford,Southampton,4,1
2020-2021,36,Burnley,Aston Villa,1,4
2020-2021,36,Chelsea,Wolverhampton,3,2
2020-2021,36,Crystal Palace,Watford,1,0
2020-2021,36,Brighton & Hove Albion,Manchester United,4,0
2020-2021,36,Liverpool,Tottenham Hotspur,2,1
2020-2021,36,Arsenal,Leeds United,3,2
2020-2021,36,Leicester City,Everton,2,3
2020-2021,36,Norwich City,West Ham United,0,5
2020-2021,36,Manchester City,Newcastle United,5,1
2020-2021,37,Manchester United,Chelsea,2,1
2020-2021,37,Tottenham Hotspur,Burnley,1,1
2020-2021,37,Aston Villa,Crystal Palace,2,2
2020-2021,37,Leeds United,Brighton & Hove Albion,1,2
2020-2021,37,Watford,Leicester City,1,5
2020-2021,37,West Ham United,Manchester City,3,3
2020-2021,37,Wolverhampton,Norwich City,1,2
2020-2021,37,Everton,Brentford,2,4
2020-2021,37,Newcastle United,Arsenal,3,0
2020-2021,37,Southampton,Liverpool,2,2
2020-2021,38,Arsenal,Everton,6,2
2020-2021,38,Brentford,Leeds United,1,3
2020-2021,38,Brighton & Hove Albion,West Ham United,4,1
2020-2021,38,Burnley,Newcastle United,1,3
2020-2021,38,Chelsea,Watford,2,2
2020-2021,38,Crystal Palace,Manchester United,2,0
2020-2021,38,Leicester City,Southampton,4,2
2020-2021,38,Liverpool,Wolverhampton,3,2
2020-2021,38,Manchester City,Aston Villa,4,2
2020-2021,38,Norwich City,Tottenham Hotspur,0,5
2021-2022,1,Crystal Palace,Arsenal,1,3
2021-2022,1,Fulham,Liverpool,3,3
2021-2022,1,Bournemouth,Aston Villa,2,1
2021-2022,1,Leeds United,Wolverhampton,2,1
2021-2022,1,Newcastle United,Nottingham Forest,3,0
2021-2022,1,Tottenham Hotspur,Southampton,5,2
2021-2022,1,Everton,Chelsea,0,2
2021-2022,1,Leicester City,Brentford,2,2
2021-2022,1,Manchester United,Brighton & Hove Albion,1,3
2021-2022,1,West Ham United,Manchester City,1,3
2021-2022,2,Aston Villa,Everton,3,2
2021-2022,2,Arsenal,Leicester City,4,3
2021-2022,2,Brighton & Hove Albion,Newcastle United,0,0
2021-2022,2,Manchester City,Bournemouth,4,0
2021-2022,2,Southampton,Leeds United,3,3
2021-2022,2,Wolverhampton,Fulham,1,1
2021-2022,2,Brentford,Manchester United,5,0
2021-2022,2,Nottingham Forest,West Ham United,1,1
2021-2022,2,Chelsea,Tottenham Hotspur,3,3
2021-2022,2,Liverpool,Crystal Palace,2,1
2021-2022,3,Tottenham Hotspur,Wolverhampton,2,0
2021-2022,3,Crystal Palace,Aston Villa,3,2
2021-2022,3,Everton,Nottingham Forest,2,2
2021-2022,3,Fulham,Brentford,4,2
2021-2022,3,Leicester City,Southampton,2,3
2021-2022,3,Bournemouth,Arsenal,0,3
2021-2022,3,Leeds United,Chelsea,3,1
2021-2022,3,West Ham United,Brighton & Hove Albion,0,3
2021-2022,3,Newcastle United,Manchester City,3,3
2021-2022,3,Manchester United,Liverpool,3,2
2021-2022,4,Southampton,Manchester United,1,2
2021-2022,4,Brentford,Everton,1,1
2021-2022,4,Brighton & Hove Albion,Leeds United,1,1
2021-2022,4,Chelsea,Leicester City,3,1
2021-2022,4,Liverpool,Bournemouth,10,0
2021-2022,4,Manchester City,Crystal Palace,5,3
2021-2022,4,Arsenal,Fulham,3,2
2021-2022,4,Aston Villa,West Ham United,0,2
2021-2022,4,Wolverhampton,Newcastle United,2,2
2021-2022,4,Nottingham Forest,Tottenham Hotspur,0,2
2021-2022,5,Crystal Palace,Brentford,1,1
2021-2022,5,Fulham,Brighton & Hove Albion,2,1
2021-2022,5,Southampton,Chelsea,2,1
2021-2022,5,Leeds United,Everton,2,1
2021-2022,5,Arsenal,Aston Villa,2,1
2021-2022,5,Bournemouth,Wolverhampton,1,1
2021-2022,5,Manchester City,Nottingham Forest,7,1
2021-2022,5,West Ham United,Tottenham Hotspur,2,2
2021-2022,5,Liverpool,Newcastle United,2,1
2021-2022,5,Leicester City,Manchester United,0,1
2021-2022,6,Everton,Liverpool,0,0
2021-2022,6,Brentford,Leeds United,5,3
2021-2022,6,Chelsea,West Ham United,3,1
2021-2022,6,Newcastle United,Crystal Palace,0,0
2021-2022,6,Nottingham Forest,Bournemouth,2,3
2021-2022,6,Tottenham Hotspur,Fulham,2,2
2021-2022,6,Wolverhampton,Southampton,2,0
2021-2022,6,Aston Villa,Manchester City,2,1
2021-2022,6,Brighton & Hove Albion,Leicester City,5,2
2021-2022,6,Manchester United,Arsenal,4,2
2021-2022,7,Fulham,Chelsea,0,0
2021-2022,7,Bournemouth,Brighton & Hove Albion,0,0
2021-2022,7,Leicester City,Aston Villa,0,0
2021-2022,7,Liverpool,Wolverhampton,0,0
2021-2022,7,Southampton,Brentford,0,0
2021-2022,7,Manchester City,Tottenham Hotspur,0,0
2021-2022,7,Arsenal,Everton,0,0
2021-2022,7,West Ham United,Newcastle United,0,0
2021-2022,7,Crystal Palace,Manchester United,0,0
2021-2022,7,Leeds United,Nottingham Forest,0,0
2021-2022,7,Fulham,Chelsea,2,2
2021-2022,7,Crystal Palace,Manchester United,1,2
2021-2022,7,Manchester City,Tottenham Hotspur,5,3
2021-2022,7,Arsenal,Everton,5,0
2021-2022,7,Liverpool,Wolverhampton,2,0
2021-2022,7,Southampton,Brentford,1,2
2021-2022,7,Bournemouth,Brighton & Hove Albion,1,3
2021-2022,7,Leeds United,Nottingham Forest,3,1
2021-2022,7,Leicester City,Aston Villa,2,3
2021-2022,7,West Ham United,Newcastle United,1,5
2021-2022,8,Aston Villa,Southampton,1,0
2021-2022,8,Nottingham Forest,Fulham,3,3
2021-2022,8,Wolverhampton,Manchester City,1,4
2021-2022,8,Brighton & Hove Albion,Crystal Palace,0,0
2021-2022,8,Newcastle United,Bournemouth,2,1
2021-2022,8,Tottenham Hotspur,Leicester City,6,2
2021-2022,8,Brentford,Arsenal,0,4
2021-2022,8,Manchester United,Leeds United,0,0
2021-2022,8,Everton,West Ham United,2,0
2021-2022,8,Chelsea,Liverpool,0,0
2021-2022,8,Manchester United,Leeds United,2,2
2021-2022,8,Brighton & Hove Albion,Crystal Palace,2,0
2021-2022,8,Chelsea,Liverpool,0,1
2021-2022,9,Arsenal,Tottenham Hotspur,3,2
2021-2022,9,Bournemouth,Brentford,0,1
2021-2022,9,Crystal Palace,Chelsea,1,2
2021-2022,9,Fulham,Newcastle United,1,4
2021-2022,9,Liverpool,Brighton & Hove Albion,3,3
2021-2022,9,Southampton,Everton,1,2
2021-2022,9,West Ham United,Wolverhampton,2,1
2021-2022,9,Manchester City,Manchester United,6,3
2021-2022,9,Leeds United,Aston Villa,1,1
2021-2022,9,Leicester City,Nottingham Forest,4,0
2021-2022,10,Bournemouth,Leicester City,2,1
2021-2022,10,Chelsea,Wolverhampton,3,0
2021-2022,10,Manchester City,Southampton,4,0
2021-2022,10,Newcastle United,Brentford,6,2
2021-2022,10,Brighton & Hove Albion,Tottenham Hotspur,0,1
2021-2022,10,Crystal Palace,Leeds United,3,2
2021-2022,10,West Ham United,Fulham,4,1
2021-2022,10,Arsenal,Liverpool,4,3
2021-2022,10,Everton,Manchester United,2,3
2021-2022,10,Nottingham Forest,Aston Villa,1,2
2021-2022,11,Brentford,Brighton & Hove Albion,3,0
2021-2022,11,Leicester City,Crystal Palace,1,1
2021-2022,11,Fulham,Bournemouth,3,2
2021-2022,11,Wolverhampton,Nottingham Forest,2,1
2021-2022,11,Tottenham Hotspur,Everton,2,0
2021-2022,11,Aston Villa,Chelsea,1,2
2021-2022,11,Leeds United,Arsenal,1,1
2021-2022,11,Manchester United,Newcastle United,1,1
2021-2022,11,Southampton,West Ham United,2,2
2021-2022,11,Liverpool,Manchester City,1,0
2021-2022,12,Brighton & Hove Albion,Nottingham Forest,1,0
2021-2022,12,Crystal Palace,Wolverhampton,3,2
2021-2022,12,Bournemouth,Southampton,0,1
2021-2022,12,Brentford,Chelsea,0,1
2021-2022,12,Liverpool,West Ham United,2,0
2021-2022,12,Newcastle United,Everton,1,0
2021-2022,12,Manchester United,Tottenham Hotspur,3,1
2021-2022,12,Fulham,Aston Villa,3,1
2021-2022,12,Leicester City,Leeds United,2,1
2021-2022,12,Arsenal,Manchester City,1,3
2021-2022,13,Nottingham Forest,Liverpool,1,0
2021-2022,13,Everton,Crystal Palace,3,0
2021-2022,13,Manchester City,Brighton & Hove Albion,4,1
2021-2022,13,Chelsea,Manchester United,1,1
2021-2022,13,Aston Villa,Brentford,4,0
2021-2022,13,Leeds United,Fulham,3,3
2021-2022,13,Southampton,Arsenal,2,2
2021-2022,13,Wolverhampton,Leicester City,0,4
2021-2022,13,Tottenham Hotspur,Newcastle United,2,2
2021-2022,13,West Ham United,Bournemouth,3,0
2021-2022,14,Leicester City,Manchester City,0,1
2021-2022,14,Bournemouth,Tottenham Hotspur,3,4
2021-2022,14,Brentford,Wolverhampton,2,2
2021-2022,14,Brighton & Hove Albion,Chelsea,4,2
2021-2022,14,Crystal Palace,Southampton,2,1
2021-2022,14,Newcastle United,Aston Villa,4,0
2021-2022,14,Fulham,Everton,1,0
2021-2022,14,Liverpool,Leeds United,1,3
2021-2022,14,Arsenal,Nottingham Forest,5,0
2021-2022,14,Manchester United,West Ham United,1,1
2021-2022,15,Leeds United,Bournemouth,4,3
2021-2022,15,Manchester City,Fulham,3,1
2021-2022,15,Nottingham Forest,Brentford,3,2
2021-2022,15,Wolverhampton,Brighton & Hove Albion,3,4
2021-2022,15,Everton,Leicester City,1,3
2021-2022,15,Chelsea,Arsenal,1,2
2021-2022,15,Aston Villa,Manchester United,3,1
2021-2022,15,Southampton,Newcastle United,2,4
2021-2022,15,West Ham United,Crystal Palace,2,3
2021-2022,15,Tottenham Hotspur,Liverpool,2,3
2021-2022,16,Manchester City,Brentford,1,3
2021-2022,16,Bournemouth,Everton,3,1
2021-2022,16,Liverpool,Southampton,4,1
2021-2022,16,Nottingham Forest,Crystal Palace,2,0
2021-2022,16,Tottenham Hotspur,Leeds United,5,3
2021-2022,16,West Ham United,Leicester City,1,2
2021-2022,16,Newcastle United,Chelsea,2,0
2021-2022,16,Wolverhampton,Arsenal,1,3
2021-2022,16,Brighton & Hove Albion,Aston Villa,2,2
2021-2022,16,Fulham,Manchester United,1,3
2021-2022,17,Brentford,Tottenham Hotspur,3,2
2021-2022,17,Crystal Palace,Fulham,0,4
2021-2022,17,Everton,Wolverhampton,2,3
2021-2022,17,Leicester City,Newcastle United,1,4
2021-2022,17,Southampton,Brighton & Hove Albion,2,4
2021-2022,17,Aston Villa,Liverpool,2,4
2021-2022,17,Arsenal,West Ham United,4,1
2021-2022,17,Chelsea,Bournemouth,3,1
2021-2022,17,Manchester United,Nottingham Forest,4,0
2021-2022,17,Leeds United,Manchester City,2,3
2021-2022,18,West Ham United,Brentford,0,3
2021-2022,18,Liverpool,Leicester City,3,1
2021-2022,18,Wolverhampton,Manchester United,1,1
2021-2022,18,Bournemouth,Crystal Palace,1,3
2021-2022,18,Fulham,Southampton,2,2
2021-2022,18,Manchester City,Everton,1,2
2021-2022,18,Newcastle United,Leeds United,1,1
2021-2022,18,Brighton & Hove Albion,Arsenal,2,4
2021-2022,18,Tottenham Hotspur,Aston Villa,1,2
2021-2022,18,Nottingham Forest,Chelsea,2,2
2021-2022,19,Brentford,Liverpool,4,2
2021-2022,19,Arsenal,Newcastle United,0,0
2021-2022,19,Everton,Brighton & Hove Albion,1,5
2021-2022,19,Leicester City,Fulham,0,1
2021-2022,19,Manchester United,Bournemouth,4,1
2021-2022,19,Southampton,Nottingham Forest,1,2
2021-2022,19,Leeds United,West Ham United,2,2
2021-2022,19,Aston Villa,Wolverhampton,2,2
2021-2022,19,Crystal Palace,Tottenham Hotspur,1,5
2021-2022,19,Chelsea,Manchester City,0,2
2021-2022,20,Aston Villa,Leeds United,2,1
2021-2022,20,Manchester United,Manchester City,3,2
2021-2022,20,Brighton & Hove Albion,Liverpool,3,1
2021-2022,20,Everton,Southampton,2,2
2021-2022,20,Nottingham Forest,Leicester City,2,1
2021-2022,20,Wolverhampton,West Ham United,1,0
2021-2022,20,Brentford,Bournemouth,3,0
2021-2022,20,Chelsea,Crystal Palace,1,0
2021-2022,20,Newcastle United,Fulham,2,1
2021-2022,20,Tottenham Hotspur,Arsenal,1,2
2021-2022,21,Liverpool,Chelsea,0,0
2021-2022,21,Bournemouth,Nottingham Forest,1,1
2021-2022,21,Leicester City,Brighton & Hove Albion,3,3
2021-2022,21,Southampton,Aston Villa,1,1
2021-2022,21,West Ham United,Everton,2,0
2021-2022,21,Crystal Palace,Newcastle United,1,0
2021-2022,21,Leeds United,Brentford,1,0
2021-2022,21,Manchester City,Wolverhampton,4,0
2021-2022,21,Arsenal,Manchester United,4,2
2021-2022,21,Fulham,Tottenham Hotspur,1,2
2021-2022,22,Chelsea,Fulham,0,1
2021-2022,22,Everton,Arsenal,1,1
2021-2022,22,Aston Villa,Leicester City,3,4
2021-2022,22,Brentford,Southampton,4,0
2021-2022,22,Brighton & Hove Albion,Bournemouth,2,0
2021-2022,22,Manchester United,Crystal Palace,3,1
2021-2022,22,Wolverhampton,Liverpool,3,1
2021-2022,22,Newcastle United,West Ham United,2,1
2021-2022,22,Nottingham Forest,Leeds United,1,0
2021-2022,22,Tottenham Hotspur,Manchester City,1,1
2021-2022,23,West Ham United,Chelsea,2,2
2021-2022,23,Arsenal,Brentford,1,2
2021-2022,23,Crystal Palace,Brighton & Hove Albion,2,2
2021-2022,23,Fulham,Nottingham Forest,3,1
2021-2022,23,Leicester City,Tottenham Hotspur,5,1
2021-2022,23,Southampton,Wolverhampton,1,2
2021-2022,23,Bournemouth,Newcastle United,2,1
2021-2022,23,Leeds United,Manchester United,1,2
2021-2022,23,Manchester City,Aston Villa,4,2
2021-2022,23,Liverpool,Everton,3,1
2021-2022,24,Aston Villa,Arsenal,2,5
2021-2022,24,Brentford,Crystal Palace,1,2
2021-2022,24,Brighton & Hove Albion,Fulham,0,2
2021-2022,24,Chelsea,Southampton,1,2
2021-2022,24,Everton,Leeds United,2,1
2021-2022,24,Nottingham Forest,Manchester City,2,2
2021-2022,24,Wolverhampton,Bournemouth,0,2
2021-2022,24,Newcastle United,Liverpool,1,2
2021-2022,24,Manchester United,Leicester City,4,0
2021-2022,24,Tottenham Hotspur,West Ham United,3,0
2021-2022,25,Fulham,Wolverhampton,1,1
2021-2022,25,Newcastle United,Brighton & Hove Albion,0,0
2021-2022,25,Everton,Aston Villa,0,2
2021-2022,25,Leeds United,Southampton,2,0
2021-2022,25,Leicester City,Arsenal,0,2
2021-2022,25,West Ham United,Nottingham Forest,5,0
2021-2022,25,Bournemouth,Manchester City,2,5
2021-2022,25,Crystal Palace,Liverpool,1,0
2021-2022,25,Manchester United,Brentford,0,0
2021-2022,25,Tottenham Hotspur,Chelsea,3,0
2021-2022,25,Manchester United,Brentford,1,0
2021-2022,25,Newcastle United,Brighton & Hove Albion,4,1
2021-2022,26,Manchester City,Newcastle United,2,0
2021-2022,26,Arsenal,Bournemouth,3,3
2021-2022,26,Aston Villa,Crystal Palace,1,0
2021-2022,26,Brentford,Fulham,0,0
2021-2022,26,Brighton & Hove Albion,West Ham United,4,0
2021-2022,26,Chelsea,Leeds United,2,0
2021-2022,26,Wolverhampton,Tottenham Hotspur,2,0
2021-2022,26,Southampton,Leicester City,2,1
2021-2022,26,Nottingham Forest,Everton,2,3
2021-2022,26,Liverpool,Manchester United,7,0
2021-2022,26,Brentford,Fulham,4,3
2021-2022,27,Bournemouth,Liverpool,2,1
2021-2022,27,Everton,Brentford,2,0
2021-2022,27,Leeds United,Brighton & Hove Albion,2,3
2021-2022,27,Leicester City,Chelsea,1,4
2021-2022,27,Tottenham Hotspur,Nottingham Forest,3,1
2021-2022,27,Crystal Palace,Manchester City,1,1
2021-2022,27,Fulham,Arsenal,1,3
2021-2022,27,Manchester United,Southampton,0,1
2021-2022,27,West Ham United,Aston Villa,2,2
2021-2022,27,Newcastle United,Wolverhampton,3,2
2021-2022,28,Nottingham Forest,Newcastle United,2,2
2021-2022,28,Aston Villa,Bournemouth,4,0
2021-2022,28,Brentford,Leicester City,2,1
2021-2022,28,Liverpool,Fulham,0,0
2021-2022,28,Southampton,Tottenham Hotspur,3,4
2021-2022,28,Wolverhampton,Leeds United,2,4
2021-2022,28,Chelsea,Everton,2,2
2021-2022,28,Arsenal,Crystal Palace,5,2
2021-2022,28,Brighton & Hove Albion,Manchester United,0,0
2021-2022,28,Manchester City,West Ham United,0,0
2021-2022,28,Liverpool,Fulham,1,1
2021-2022,28,Manchester City,West Ham United,3,1
2021-2022,28,Brighton & Hove Albion,Manchester United,1,1
2021-2022,29,Manchester City,Liverpool,5,2
2021-2022,29,Arsenal,Leeds United,5,2
2021-2022,29,Bournemouth,Fulham,3,2
2021-2022,29,Brighton & Hove Albion,Brentford,4,4
2021-2022,29,Crystal Palace,Leicester City,2,2
2021-2022,29,Nottingham Forest,Wolverhampton,1,1
2021-2022,29,Chelsea,Aston Villa,0,2
2021-2022,29,West Ham United,Southampton,1,0
2021-2022,29,Newcastle United,Manchester United,3,0
2021-2022,29,Everton,Tottenham Hotspur,2,2
2021-2022,30,Manchester United,Everton,3,0
2021-2022,30,Aston Villa,Nottingham Forest,3,0
2021-2022,30,Brentford,Newcastle United,1,3
2021-2022,30,Fulham,West Ham United,0,1
2021-2022,30,Leicester City,Bournemouth,1,1
2021-2022,30,Tottenham Hotspur,Brighton & Hove Albion,3,1
2021-2022,30,Wolverhampton,Chelsea,2,1
2021-2022,30,Southampton,Manchester City,2,4
2021-2022,30,Leeds United,Crystal Palace,1,6
2021-2022,30,Liverpool,Arsenal,3,2
2021-2022,31,Aston Villa,Newcastle United,3,1
2021-2022,31,Chelsea,Brighton & Hove Albion,2,2
2021-2022,31,Everton,Fulham,1,3
2021-2022,31,Southampton,Crystal Palace,0,2
2021-2022,31,Wolverhampton,Brentford,3,1
2021-2022,31,Tottenham Hotspur,Bournemouth,3,4
2021-2022,31,Manchester City,Leicester City,3,1
2021-2022,31,West Ham United,Arsenal,2,2
2021-2022,31,Nottingham Forest,Manchester United,0,3
2021-2022,31,Leeds United,Liverpool,1,7
2021-2022,32,Arsenal,Southampton,4,3
2021-2022,32,Fulham,Leeds United,2,1
2021-2022,32,Brentford,Aston Villa,2,1
2021-2022,32,Crystal Palace,Everton,1,0
2021-2022,32,Leicester City,Wolverhampton,2,2
2021-2022,32,Liverpool,Nottingham Forest,4,3
2021-2022,32,Manchester United,Chelsea,0,0
2021-2022,32,Bournemouth,West Ham United,1,4
2021-2022,32,Newcastle United,Tottenham Hotspur,6,1
2021-2022,32,Brighton & Hove Albion,Manchester City,0,0
2021-2022,32,Brighton & Hove Albion,Manchester City,1,2
2021-2022,32,Manchester United,Chelsea,5,1
2021-2022,33,Wolverhampton,Crystal Palace,2,1
2021-2022,33,Aston Villa,Fulham,1,0
2021-2022,33,Leeds United,Leicester City,2,1
2021-2022,33,Nottingham Forest,Brighton & Hove Albion,4,2
2021-2022,33,Chelsea,Brentford,0,3
2021-2022,33,West Ham United,Liverpool,2,2
2021-2022,33,Manchester City,Arsenal,5,2
2021-2022,33,Everton,Newcastle United,1,4
2021-2022,33,Southampton,Bournemouth,0,2
2021-2022,33,Tottenham Hotspur,Manchester United,3,2
2021-2022,34,Crystal Palace,West Ham United,4,3
2021-2022,34,Brentford,Nottingham Forest,2,2
2021-2022,34,Brighton & Hove Albion,Wolverhampton,7,1
2021-2022,34,Bournemouth,Leeds United,4,1
2021-2022,34,Fulham,Manchester City,2,3
2021-2022,34,Manchester United,Aston Villa,1,1
2021-2022,34,Newcastle United,Southampton,4,1
2021-2022,34,Liverpool,Tottenham Hotspur,5,3
2021-2022,34,Leicester City,Everton,3,2
2021-2022,34,Arsenal,Chelsea,3,1
2021-2022,35,Bournemouth,Chelsea,1,4
2021-2022,35,Manchester City,Leeds United,2,1
2021-2022,35,Tottenham Hotspur,Crystal Palace,2,1
2021-2022,35,Wolverhampton,Aston Villa,1,1
2021-2022,35,Liverpool,Brentford,2,1
2021-2022,35,Newcastle United,Arsenal,0,3
2021-2022,35,West Ham United,Manchester United,2,1
2021-2022,35,Fulham,Leicester City,6,4
2021-2022,35,Brighton & Hove Albion,Everton,2,5
2021-2022,35,Nottingham Forest,Southampton,4,4
2021-2022,36,Leeds United,Newcastle United,2,3
2021-2022,36,Aston Villa,Tottenham Hotspur,2,1
2021-2022,36,Chelsea,Nottingham Forest,3,3
2021-2022,36,Crystal Palace,Bournemouth,2,1
2021-2022,36,Manchester United,Wolverhampton,2,0
2021-2022,36,Southampton,Fulham,1,3
2021-2022,36,Brentford,West Ham United,2,1
2021-2022,36,Everton,Manchester City,1,4
2021-2022,36,Arsenal,Brighton & Hove Albion,0,3
2021-2022,36,Leicester City,Liverpool,1,3
2021-2022,37,Tottenham Hotspur,Brentford,2,3
2021-2022,37,Bournemouth,Manchester United,1,1
2021-2022,37,Fulham,Crystal Palace,2,3
2021-2022,37,Liverpool,Aston Villa,2,1
2021-2022,37,Newcastle United,Leicester City,0,0
2021-2022,37,Wolverhampton,Everton,1,1
2021-2022,37,Nottingham Forest,Arsenal,1,0
2021-2022,37,West Ham United,Leeds United,4,1
2021-2022,37,Brighton & Hove Albion,Southampton,4,1
2021-2022,37,Manchester City,Chelsea,1,0
2021-2022,37,Newcastle United,Leicester City,0,1
2021-2022,38,Arsenal,Wolverhampton,5,0
2021-2022,38,Aston Villa,Brighton & Hove Albion,3,1
2021-2022,38,Brentford,Manchester City,2,0
2021-2022,38,Chelsea,Newcastle United,1,1
2021-2022,38,Crystal Palace,Nottingham Forest,2,2
2021-2022,38,Everton,Bournemouth,2,0
2021-2022,38,Leeds United,Tottenham Hotspur,1,5
2021-2022,38,Leicester City,West Ham United,2,1
2021-2022,38,Manchester United,Fulham,2,1
2021-2022,38,Southampton,Liverpool,5,5
2023-2024,1,Burnley,Manchester City,0,4
2023-2024,1,Arsenal,Nottingham Forest,2,1
2023-2024,1,Bournemouth,West Ham United,1,1
2023-2024,1,Brighton & Hove Albion,Luton Town,4,2
2023-2024,1,Everton,Fulham,1,2
2023-2024,1,Sheffield United,Crystal Palace,0,2
2023-2024,1,Newcastle United,Aston Villa,5,1
2023-2024,1,Brentford,Tottenham Hotspur,3,3
2023-2024,1,Chelsea,Liverpool,1,1
2023-2024,1,Manchester United,Wolverhampton,2,0
2023-2024,2,Nottingham Forest,Sheffield United,2,2
2023-2024,2,Fulham,Brentford,1,4
2023-2024,2,Liverpool,Bournemouth,4,1
2023-2024,2,Wolverhampton,Brighton & Hove Albion,1,4
2023-2024,2,Tottenham Hotspur,Manchester United,3,0
2023-2024,2,Manchester City,Newcastle United,1,1
2023-2024,2,Aston Villa,Everton,4,1
2023-2024,2,West Ham United,Chelsea,4,2
2023-2024,2,Crystal Palace,Arsenal,1,1
2023-2024,2,Luton Town,Burnley,1,3
2023-2024,3,Chelsea,Luton Town,3,0
2023-2024,3,Bournemouth,Tottenham Hotspur,1,3
2023-2024,3,Arsenal,Fulham,2,3
2023-2024,3,Brentford,Crystal Palace,1,1
2023-2024,3,Everton,Wolverhampton,0,1
2023-2024,3,Manchester United,Nottingham Forest,3,3
2023-2024,3,Brighton & Hove Albion,West Ham United,2,4
2023-2024,3,Burnley,Aston Villa,1,3
2023-2024,3,Sheffield United,Manchester City,1,3
2023-2024,3,Newcastle United,Liverpool,1,3
2023-2024,4,Luton Town,West Ham United,1,3
2023-2024,4,Sheffield United,Everton,2,2
2023-2024,4,Brentford,Bournemouth,3,3
2023-2024,4,Burnley,Tottenham Hotspur,2,5
2023-2024,4,Chelsea,Nottingham Forest,1,1
2023-2024,4,Manchester City,Fulham,6,2
2023-2024,4,Brighton & Hove Albion,Newcastle United,4,1
2023-2024,4,Crystal Palace,Wolverhampton,4,2
2023-2024,4,Liverpool,Aston Villa,4,0
2023-2024,4,Arsenal,Manchester United,3,2
2023-2024,5,Wolverhampton,Liverpool,2,3
2023-2024,5,Aston Villa,Crystal Palace,4,1
2023-2024,5,Fulham,Luton Town,2,0
2023-2024,5,Manchester United,Brighton & Hove Albion,2,4
2023-2024,5,Tottenham Hotspur,Sheffield United,3,1
2023-2024,5,West Ham United,Manchester City,1,4
2023-2024,5,Newcastle United,Brentford,2,1
2023-2024,5,Bournemouth,Chelsea,1,0
2023-2024,5,Everton,Arsenal,1,2
2023-2024,5,Nottingham Forest,Burnley,2,2
2023-2024,6,Crystal Palace,Fulham,0,0
2023-2024,6,Luton Town,Wolverhampton,1,2
2023-2024,6,Manchester City,Nottingham Forest,3,1
2023-2024,6,Brentford,Everton,1,4
2023-2024,6,Burnley,Manchester United,1,1
2023-2024,6,Arsenal,Tottenham Hotspur,2,3
2023-2024,6,Brighton & Hove Albion,Bournemouth,3,2
2023-2024,6,Chelsea,Aston Villa,0,1
2023-2024,6,Liverpool,West Ham United,3,1
2023-2024,6,Sheffield United,Newcastle United,1,8
2023-2024,7,Aston Villa,Brighton & Hove Albion,6,2
2023-2024,7,Bournemouth,Arsenal,1,5
2023-2024,7,Everton,Luton Town,1,2
2023-2024,7,Manchester United,Crystal Palace,1,2
2023-2024,7,Newcastle United,Burnley,2,1
2023-2024,7,West Ham United,Sheffield United,2,0
2023-2024,7,Wolverhampton,Manchester City,3,1
2023-2024,7,Tottenham Hotspur,Liverpool,3,1
2023-2024,7,Nottingham Forest,Brentford,2,1
2023-2024,7,Fulham,Chelsea,0,2
2023-2024,8,Luton Town,Tottenham Hotspur,1,2
2023-2024,8,Burnley,Chelsea,1,5
2023-2024,8,Everton,Bournemouth,3,1
2023-2024,8,Fulham,Sheffield United,4,2
2023-2024,8,Manchester United,Brentford,3,2
2023-2024,8,Crystal Palace,Nottingham Forest,0,0
2023-2024,8,Brighton & Hove Albion,Liverpool,3,2
2023-2024,8,West Ham United,Newcastle United,3,3
2023-2024,8,Wolverhampton,Aston Villa,1,2
2023-2024,8,Arsenal,Manchester City,2,1
2023-2024,9,Liverpool,Everton,3,1
2023-2024,9,Bournemouth,Wolverhampton,1,2
2023-2024,9,Brentford,Burnley,4,1
2023-2024,9,Manchester City,Brighton & Hove Albion,2,2
2023-2024,9,Newcastle United,Crystal Palace,4,1
2023-2024,9,Nottingham Forest,Luton Town,3,3
2023-2024,9,Chelsea,Arsenal,3,3
2023-2024,9,Sheffield United,Manchester United,2,2
2023-2024,9,Aston Villa,West Ham United,4,1
2023-2024,9,Tottenham Hotspur,Fulham,3,0
2023-2024,10,Crystal Palace,Tottenham Hotspur,2,3
2023-2024,10,Chelsea,Brentford,1,3
2023-2024,10,Arsenal,Sheffield United,6,0
2023-2024,10,Bournemouth,Burnley,2,2
2023-2024,10,Wolverhampton,Newcastle United,3,2
2023-2024,10,West Ham United,Everton,1,2
2023-2024,10,Aston Villa,Luton Town,3,2
2023-2024,10,Brighton & Hove Albion,Fulham,2,1
2023-2024,10,Liverpool,Nottingham Forest,4,0
2023-2024,10,Manchester United,Manchester City,0,3
2023-2024,11,Fulham,Manchester United,1,1
2023-2024,11,Brentford,West Ham United,4,3
2023-2024,11,Burnley,Crystal Palace,1,2
2023-2024,11,Everton,Brighton & Hove Albion,2,1
2023-2024,11,Manchester City,Bournemouth,7,2
2023-2024,11,Sheffield United,Wolverhampton,3,1
2023-2024,11,Newcastle United,Arsenal,1,1
2023-2024,11,Nottingham Forest,Aston Villa,3,0
2023-2024,11,Luton Town,Liverpool,1,1
2023-2024,11,Tottenham Hotspur,Chelsea,2,5
2023-2024,12,Wolverhampton,Tottenham Hotspur,2,2
2023-2024,12,Arsenal,Burnley,4,2
2023-2024,12,Crystal Palace,Everton,3,4
2023-2024,12,Manchester United,Luton Town,1,1
2023-2024,12,Bournemouth,Newcastle United,2,1
2023-2024,12,Aston Villa,Fulham,4,1
2023-2024,12,Brighton & Hove Albion,Sheffield United,1,2
2023-2024,12,Liverpool,Brentford,4,1
2023-2024,12,West Ham United,Nottingham Forest,3,2
2023-2024,12,Chelsea,Manchester City,5,5
2023-2024,13,Manchester City,Liverpool,2,2
2023-2024,13,Burnley,West Ham United,2,2
2023-2024,13,Luton Town,Crystal Palace,2,1
2023-2024,13,Newcastle United,Chelsea,4,2
2023-2024,13,Nottingham Forest,Brighton & Hove Albion,2,3
2023-2024,13,Sheffield United,Bournemouth,2,3
2023-2024,13,Brentford,Arsenal,0,1
2023-2024,13,Tottenham Hotspur,Aston Villa,2,2
2023-2024,13,Everton,Manchester United,1,3
2023-2024,13,Fulham,Wolverhampton,3,3
2023-2024,14,Arsenal,Wolverhampton,2,2
2023-2024,14,Brentford,Luton Town,4,2
2023-2024,14,Burnley,Sheffield United,6,0
2023-2024,14,Nottingham Forest,Everton,0,1
2023-2024,14,Newcastle United,Manchester United,1,1
2023-2024,14,Bournemouth,Aston Villa,2,3
2023-2024,14,Chelsea,Brighton & Hove Albion,3,3
2023-2024,14,Liverpool,Fulham,5,3
2023-2024,14,West Ham United,Crystal Palace,2,2
2023-2024,14,Manchester City,Tottenham Hotspur,4,4
2023-2024,15,Wolverhampton,Burnley,2,1
2023-2024,15,Luton Town,Arsenal,3,5
2023-2024,15,Brighton & Hove Albion,Brentford,2,2
2023-2024,15,Crystal Palace,Bournemouth,0,2
2023-2024,15,Fulham,Nottingham Forest,5,0
2023-2024,15,Sheffield United,Liverpool,0,2
2023-2024,15,Aston Villa,Manchester City,2,0
2023-2024,15,Manchester United,Chelsea,3,1
2023-2024,15,Everton,Newcastle United,4,1
2023-2024,15,Tottenham Hotspur,West Ham United,2,3
2023-2024,16,Crystal Palace,Liverpool,2,3
2023-2024,16,Brighton & Hove Albion,Burnley,2,2
2023-2024,16,Manchester United,Bournemouth,0,3
2023-2024,16,Sheffield United,Brentford,2,1
2023-2024,16,Wolverhampton,Nottingham Forest,2,2
2023-2024,16,Aston Villa,Arsenal,1,1
2023-2024,16,Everton,Chelsea,2,0
2023-2024,16,Fulham,West Ham United,5,0
2023-2024,16,Luton Town,Manchester City,2,2
2023-2024,16,Tottenham Hotspur,Newcastle United,4,2
2023-2024,17,Nottingham Forest,Tottenham Hotspur,1,2
2023-2024,17,Chelsea,Sheffield United,2,1
2023-2024,17,Manchester City,Crystal Palace,2,3
2023-2024,17,Newcastle United,Fulham,4,0
2023-2024,17,Burnley,Everton,0,2
2023-2024,17,Arsenal,Brighton & Hove Albion,2,0
2023-2024,17,Brentford,Aston Villa,2,2
2023-2024,17,West Ham United,Wolverhampton,3,1
2023-2024,17,Liverpool,Manchester United,0,1
2023-2024,17,Bournemouth,Luton Town,5,3
2023-2024,18,Crystal Palace,Brighton & Hove Albion,1,2
2023-2024,18,Aston Villa,Sheffield United,2,1
2023-2024,18,West Ham United,Manchester United,2,0
2023-2024,18,Fulham,Burnley,1,3
2023-2024,18,Luton Town,Newcastle United,1,0
2023-2024,18,Nottingham Forest,Bournemouth,2,3
2023-2024,18,Tottenham Hotspur,Everton,3,1
2023-2024,18,Liverpool,Arsenal,1,1
2023-2024,18,Wolverhampton,Chelsea,2,1
2023-2024,18,Manchester City,Brentford,2,1
2023-2024,19,Newcastle United,Nottingham Forest,1,3
2023-2024,19,Bournemouth,Fulham,3,1
2023-2024,19,Sheffield United,Luton Town,2,3
2023-2024,19,Burnley,Liverpool,0,3
2023-2024,19,Manchester United,Aston Villa,4,2
2023-2024,19,Brentford,Wolverhampton,2,5
2023-2024,19,Chelsea,Crystal Palace,3,2
2023-2024,19,Everton,Manchester City,2,3
2023-2024,19,Brighton & Hove Albion,Tottenham Hotspur,5,3
2023-2024,19,Arsenal,West Ham United,0,2
2023-2024,20,Luton Town,Chelsea,3,3
2023-2024,20,Aston Villa,Burnley,3,3
2023-2024,20,Crystal Palace,Brentford,3,2
2023-2024,20,Manchester City,Sheffield United,3,1
2023-2024,20,Wolverhampton,Everton,4,0
2023-2024,20,Nottingham Forest,Manchester United,3,1
2023-2024,20,Fulham,Arsenal,3,1
2023-2024,20,Tottenham Hotspur,Bournemouth,4,2
2023-2024,20,Liverpool,Newcastle United,5,2
2023-2024,20,West Ham United,Brighton & Hove Albion,1,0
2023-2024,21,Burnley,Luton Town,1,2
2023-2024,21,Chelsea,Fulham,1,1
2023-2024,21,Newcastle United,Manchester City,2,3
2023-2024,21,Everton,Aston Villa,1,1
2023-2024,21,Manchester United,Tottenham Hotspur,3,3
2023-2024,21,Arsenal,Crystal Palace,5,0
2023-2024,21,Brentford,Nottingham Forest,3,3
2023-2024,21,Sheffield United,West Ham United,3,3
2023-2024,21,Bournemouth,Liverpool,0,4
2023-2024,21,Brighton & Hove Albion,Wolverhampton,1,0
2023-2024,22,Nottingham Forest,Arsenal,2,2
2023-2024,22,Fulham,Everton,1,0
2023-2024,22,Luton Town,Brighton & Hove Albion,5,1
2023-2024,22,Crystal Palace,Sheffield United,4,2
2023-2024,22,Aston Villa,Newcastle United,1,4
2023-2024,22,Manchester City,Burnley,4,1
2023-2024,22,Tottenham Hotspur,Brentford,3,2
2023-2024,22,Liverpool,Chelsea,4,2
2023-2024,22,West Ham United,Bournemouth,1,2
2023-2024,22,Wolverhampton,Manchester United,3,5
2023-2024,23,Everton,Tottenham Hotspur,3,3
2023-2024,23,Brighton & Hove Albion,Crystal Palace,4,2
2023-2024,23,Burnley,Fulham,3,2
2023-2024,23,Newcastle United,Luton Town,4,4
2023-2024,23,Sheffield United,Aston Villa,1,6
2023-2024,23,Bournemouth,Nottingham Forest,1,2
2023-2024,23,Chelsea,Wolverhampton,2,5
2023-2024,23,Manchester United,West Ham United,4,0
2023-2024,23,Arsenal,Liverpool,3,2
2023-2024,23,Brentford,Manchester City,2,3
2023-2024,24,Manchester City,Everton,3,1
2023-2024,24,Fulham,Bournemouth,3,2
2023-2024,24,Liverpool,Burnley,4,1
2023-2024,24,Luton Town,Sheffield United,1,3
2023-2024,24,Tottenham Hotspur,Brighton & Hove Albion,2,2
2023-2024,24,Wolverhampton,Brentford,0,3
2023-2024,24,Nottingham Forest,Newcastle United,3,4
2023-2024,24,West Ham United,Arsenal,1,6
2023-2024,24,Aston Villa,Manchester United,1,2
2023-2024,24,Crystal Palace,Chelsea,2,3
2023-2024,25,Brentford,Liverpool,1,5
2023-2024,25,Burnley,Arsenal,1,6
2023-2024,25,Fulham,Aston Villa,2,3
2023-2024,25,Newcastle United,Bournemouth,3,2
2023-2024,25,Nottingham Forest,West Ham United,2,0
2023-2024,25,Tottenham Hotspur,Wolverhampton,2,2
2023-2024,25,Manchester City,Chelsea,1,2
2023-2024,25,Sheffield United,Brighton & Hove Albion,1,5
2023-2024,25,Luton Town,Manchester United,2,3
2023-2024,25,Everton,Crystal Palace,1,2
2023-2024,26,Liverpool,Luton Town,5,2
2023-2024,26,Aston Villa,Nottingham Forest,5,2
2023-2024,26,Brighton & Hove Albion,Everton,2,2
2023-2024,26,Crystal Palace,Burnley,3,1
2023-2024,26,Manchester United,Fulham,2,3
2023-2024,26,Bournemouth,Manchester City,0,2
2023-2024,26,Arsenal,Newcastle United,4,1
2023-2024,26,Wolverhampton,Sheffield United,1,0
2023-2024,26,West Ham United,Brentford,5,2
2023-2024,26,Chelsea,Tottenham Hotspur,3,1
2023-2024,27,Brentford,Chelsea,3,2
2023-2024,27,Everton,West Ham United,2,3
2023-2024,27,Fulham,Brighton & Hove Albion,4,1
2023-2024,27,Newcastle United,Wolverhampton,4,0
2023-2024,27,Nottingham Forest,Liverpool,0,2
2023-2024,27,Tottenham Hotspur,Crystal Palace,3,1
2023-2024,27,Luton Town,Aston Villa,2,3
2023-2024,27,Burnley,Bournemouth,1,3
2023-2024,27,Manchester City,Manchester United,4,2
2023-2024,27,Sheffield United,Arsenal,0,7
2023-2024,28,Manchester United,Everton,3,1
2023-2024,28,Bournemouth,Sheffield United,2,3
2023-2024,28,Crystal Palace,Luton Town,1,1
2023-2024,28,Wolverhampton,Fulham,3,2
2023-2024,28,Arsenal,Brentford,2,1
2023-2024,28,Aston Villa,Tottenham Hotspur,0,4
2023-2024,28,Brighton & Hove Albion,Nottingham Forest,2,1
2023-2024,28,West Ham United,Burnley,3,3
2023-2024,28,Liverpool,Manchester City,2,2
2023-2024,28,Chelsea,Newcastle United,3,2
2023-2024,29,Burnley,Brentford,3,1
2023-2024,29,Luton Town,Nottingham Forest,1,2
2023-2024,29,Fulham,Tottenham Hotspur,3,0
2023-2024,29,West Ham United,Aston Villa,1,2
2023-2024,29,Arsenal,Chelsea,5,0
2023-2024,29,Wolverhampton,Bournemouth,0,1
2023-2024,29,Crystal Palace,Newcastle United,3,0
2023-2024,29,Everton,Liverpool,3,1
2023-2024,29,Manchester United,Sheffield United,5,3
2023-2024,29,Brighton & Hove Albion,Manchester City,1,5
2023-2024,30,Newcastle United,West Ham United,5,3
2023-2024,30,Bournemouth,Everton,2,2
2023-2024,30,Chelsea,Burnley,3,2
2023-2024,30,Nottingham Forest,Crystal Palace,1,1
2023-2024,30,Sheffield United,Fulham,3,3
2023-2024,30,Tottenham Hotspur,Luton Town,2,2
2023-2024,30,Aston Villa,Wolverhampton,2,0
2023-2024,30,Brentford,Manchester United,2,2
2023-2024,30,Liverpool,Brighton & Hove Albion,2,1
2023-2024,30,Manchester City,Arsenal,1,1
2023-2024,31,Newcastle United,Everton,1,2
2023-2024,31,Nottingham Forest,Fulham,3,1
2023-2024,31,Bournemouth,Crystal Palace,2,1
2023-2024,31,Burnley,Wolverhampton,1,2
2023-2024,31,West Ham United,Tottenham Hotspur,1,1
2023-2024,31,Arsenal,Luton Town,2,0
2023-2024,31,Brentford,Brighton & Hove Albion,1,0
2023-2024,31,Manchester City,Aston Villa,5,2
2023-2024,31,Liverpool,Sheffield United,4,1
2023-2024,31,Chelsea,Manchester United,4,4
2023-2024,32,Crystal Palace,Manchester City,3,5
2023-2024,32,Aston Villa,Brentford,3,4
2023-2024,32,Everton,Burnley,1,1
2023-2024,32,Fulham,Newcastle United,1,2
2023-2024,32,Luton Town,Bournemouth,3,1
2023-2024,32,Wolverhampton,West Ham United,1,3
2023-2024,32,Brighton & Hove Albion,Arsenal,0,3
2023-2024,32,Manchester United,Liverpool,3,2
2023-2024,32,Sheffield United,Chelsea,3,2
2023-2024,32,Tottenham Hotspur,Nottingham Forest,4,2
2023-2024,33,Newcastle United,Tottenham Hotspur,4,0
2023-2024,33,Brentford,Sheffield United,2,0
2023-2024,33,Burnley,Brighton & Hove Albion,1,2
2023-2024,33,Manchester City,Luton Town,6,2
2023-2024,33,Nottingham Forest,Wolverhampton,3,2
2023-2024,33,Bournemouth,Manchester United,3,2
2023-2024,33,Liverpool,Crystal Palace,1,1
2023-2024,33,West Ham United,Fulham,1,3
2023-2024,33,Arsenal,Aston Villa,1,2
2023-2024,33,Chelsea,Everton,6,0
2023-2024,34,Luton Town,Brentford,1,5
2023-2024,34,Sheffield United,Burnley,2,4
2023-2024,34,Wolverhampton,Arsenal,1,3
2023-2024,34,Everton,Nottingham Forest,3,1
2023-2024,34,Aston Villa,Bournemouth,4,2
2023-2024,34,Crystal Palace,West Ham United,6,2
2023-2024,34,Fulham,Liverpool,1,4
2023-2024,34,Tottenham Hotspur,Manchester City,1,2
2023-2024,34,Brighton & Hove Albion,Chelsea,2,2
2023-2024,34,Manchester United,Newcastle United,4,2
2023-2024,35,West Ham United,Liverpool,3,2
2023-2024,35,Fulham,Crystal Palace,1,1
2023-2024,35,Manchester United,Burnley,1,1
2023-2024,35,Newcastle United,Sheffield United,5,2
2023-2024,35,Wolverhampton,Luton Town,2,2
2023-2024,35,Everton,Brentford,2,0
2023-2024,35,Aston Villa,Chelsea,2,3
2023-2024,35,Bournemouth,Brighton & Hove Albion,4,0
2023-2024,35,Tottenham Hotspur,Arsenal,2,3
2023-2024,35,Nottingham Forest,Manchester City,1,3
2023-2024,36,Luton Town,Everton,2,2
2023-2024,36,Arsenal,Bournemouth,3,0
2023-2024,36,Brentford,Fulham,1,0
2023-2024,36,Burnley,Newcastle United,1,5
2023-2024,36,Sheffield United,Nottingham Forest,1,4
2023-2024,36,Manchester City,Wolverhampton,5,2
2023-2024,36,Brighton & Hove Albion,Aston Villa,2,1
2023-2024,36,Chelsea,West Ham United,6,0
2023-2024,36,Liverpool,Tottenham Hotspur,4,2
2023-2024,36,Crystal Palace,Manchester United,5,1
2023-2024,37,Fulham,Manchester City,0,4
2023-2024,37,Bournemouth,Brentford,2,3
2023-2024,37,Everton,Sheffield United,1,1
2023-2024,37,Newcastle United,Brighton & Hove Albion,2,1
2023-2024,37,Tottenham Hotspur,Burnley,2,1
2023-2024,37,West Ham United,Luton Town,4,1
2023-2024,37,Wolverhampton,Crystal Palace,1,3
2023-2024,37,Nottingham Forest,Chelsea,3,4
2023-2024,37,Manchester United,Arsenal,0,2
2023-2024,37,Aston Villa,Liverpool,4,4
2023-2024,38,Arsenal,Everton,3,1
2023-2024,38,Brentford,Newcastle United,3,5
2023-2024,38,Brighton & Hove Albion,Manchester United,0,3
2023-2024,38,Burnley,Nottingham Forest,1,3
2023-2024,38,Chelsea,Bournemouth,2,1
2023-2024,38,Crystal Palace,Aston Villa,5,1
2023-2024,38,Liverpool,Wolverhampton,3,0
2023-2024,38,Luton Town,Fulham,2,4
2023-2024,38,Manchester City,West Ham United,3,2
2023-2024,38,Sheffield United,Tottenham Hotspur,0,4
2024-2025,1,Manchester United,Fulham,2,1
2024-2025,1,Ipswich Town,Liverpool,1,2
2024-2025,1,Arsenal,Wolverhampton,2,1
2024-2025,1,Everton,Brighton & Hove Albion,0,3
2024-2025,1,Newcastle United,Southampton,1,0
2024-2025,1,Nottingham Forest,Bournemouth,1,2
2024-2025,1,West Ham United,Aston Villa,2,2
2024-2025,1,Brentford,Crystal Palace,3,2
2024-2025,1,Chelsea,Manchester City,1,2
2024-2025,1,Leicester City,Tottenham Hotspur,1,2
2024-2025,2,Brighton & Hove Albion,Manchester United,2,2
2024-2025,2,Crystal Palace,West Ham United,0,2
2024-2025,2,Fulham,Leicester City,2,2
2024-2025,2,Manchester City,Ipswich Town,5,1
2024-2025,2,Southampton,Nottingham Forest,0,1
2024-2025,2,Tottenham Hotspur,Everton,4,1
2024-2025,2,Aston Villa,Arsenal,1,2
2024-2025,2,Bournemouth,Newcastle United,2,2
2024-2025,2,Wolverhampton,Chelsea,3,6
2024-2025,2,Liverpool,Brentford,3,0
2024-2025,3,Arsenal,Brighton & Hove Albion,2,1
2024-2025,3,Brentford,Southampton,4,1
2024-2025,3,Everton,Bournemouth,3,3
2024-2025,3,Ipswich Town,Fulham,2,2
2024-2025,3,Leicester City,Aston Villa,2,3
2024-2025,3,Nottingham Forest,Wolverhampton,1,2
2024-2025,3,West Ham United,Manchester City,2,4
2024-2025,3,Chelsea,Crystal Palace,2,1
2024-2025,3,Newcastle United,Tottenham Hotspur,2,1
2024-2025,3,Manchester United,Liverpool,1,4
2024-2025,4,Southampton,Manchester United,0,3
2024-2025,4,Brighton & Hove Albion,Ipswich Town,1,0
2024-2025,4,Crystal Palace,Leicester City,3,3
2024-2025,4,Fulham,West Ham United,1,2
2024-2025,4,Liverpool,Nottingham Forest,1,2
2024-2025,4,Manchester City,Brentford,2,1
2024-2025,4,Aston Villa,Everton,4,2
2024-2025,4,Bournemouth,Chelsea,0,1
2024-2025,4,Tottenham Hotspur,Arsenal,1,2
2024-2025,4,Wolverhampton,Newcastle United,1,2
2024-2025,5,West Ham United,Chelsea,1,3
2024-2025,5,Aston Villa,Wolverhampton,3,1
2024-2025,5,Fulham,Newcastle United,3,1
2024-2025,5,Leicester City,Everton,1,1
2024-2025,5,Liverpool,Bournemouth,4,1
2024-2025,5,Southampton,Ipswich Town,1,1
2024-2025,5,Tottenham Hotspur,Brentford,3,1
2024-2025,5,Crystal Palace,Manchester United,0,0
2024-2025,5,Brighton & Hove Albion,Nottingham Forest,3,3
2024-2025,5,Manchester City,Arsenal,2,3
2024-2025,6,Newcastle United,Manchester City,1,1
2024-2025,6,Arsenal,Leicester City,5,3
2024-2025,6,Brentford,West Ham United,1,2
2024-2025,6,Chelsea,Brighton & Hove Albion,4,3
2024-2025,6,Everton,Crystal Palace,3,2
2024-2025,6,Nottingham Forest,Fulham,0,1
2024-2025,6,Wolverhampton,Liverpool,1,2
2024-2025,6,Ipswich Town,Aston Villa,3,2
2024-2025,6,Manchester United,Tottenham Hotspur,0,4
2024-2025,6,Bournemouth,Southampton,4,2
2024-2025,7,Crystal Palace,Liverpool,1,1
2024-2025,7,Arsenal,Southampton,3,1
2024-2025,7,Brentford,Wolverhampton,5,3
2024-2025,7,Leicester City,Bournemouth,1,1
2024-2025,7,Manchester City,Fulham,3,3
2024-2025,7,West Ham United,Ipswich Town,5,2
2024-2025,7,Everton,Newcastle United,1,1
2024-2025,7,Aston Villa,Manchester United,0,0
2024-2025,7,Chelsea,Nottingham Forest,1,1
2024-2025,7,Brighton & Hove Albion,Tottenham Hotspur,3,3
2024-2025,8,Tottenham Hotspur,West Ham United,4,1
2024-2025,8,Fulham,Aston Villa,2,4
2024-2025,8,Manchester United,Brentford,3,1
2024-2025,8,Newcastle United,Brighton & Hove Albion,1,2
2024-2025,8,Southampton,Leicester City,2,4
2024-2025,8,Ipswich Town,Everton,1,3
2024-2025,8,Bournemouth,Arsenal,3,1
2024-2025,8,Wolverhampton,Manchester City,2,3
2024-2025,8,Liverpool,Chelsea,3,2
2024-2025,8,Nottingham Forest,Crystal Palace,1,1
2024-2025,9,Leicester City,Nottingham Forest,1,3
2024-2025,9,Aston Villa,Bournemouth,1,2
2024-2025,9,Brentford,Ipswich Town,4,3
2024-2025,9,Brighton & Hove Albion,Wolverhampton,3,2
2024-2025,9,Manchester City,Southampton,2,0
2024-2025,9,Everton,Fulham,1,1
2024-2025,9,Chelsea,Newcastle United,3,2
2024-2025,9,Crystal Palace,Tottenham Hotspur,2,1
2024-2025,9,West Ham United,Manchester United,2,2
2024-2025,9,Arsenal,Liverpool,3,3
2024-2025,10,Newcastle United,Arsenal,1,1
2024-2025,10,Bournemouth,Manchester City,3,1
2024-2025,10,Ipswich Town,Leicester City,1,2
2024-2025,10,Liverpool,Brighton & Hove Albion,3,1
2024-2025,10,Nottingham Forest,West Ham United,4,0
2024-2025,10,Southampton,Everton,1,1
2024-2025,10,Wolverhampton,Crystal Palace,3,3
2024-2025,10,Tottenham Hotspur,Aston Villa,4,2
2024-2025,10,Manchester United,Chelsea,1,1
2024-2025,10,Fulham,Brentford,3,2
2024-2025,11,Brentford,Bournemouth,3,2
2024-2025,11,Crystal Palace,Fulham,0,2
2024-2025,11,West Ham United,Everton,1,0
2024-2025,11,Wolverhampton,Southampton,3,1
2024-2025,11,Brighton & Hove Albion,Manchester City,3,1
2024-2025,11,Liverpool,Aston Villa,3,0
2024-2025,11,Manchester United,Leicester City,4,0
2024-2025,11,Nottingham Forest,Newcastle United,2,4
2024-2025,11,Tottenham Hotspur,Ipswich Town,1,2
2024-2025,11,Chelsea,Arsenal,2,1
